Id	Date	Country	Hap	Name
EPI_ISL_457694	2020-02-17	China	CCGCGCCAGTG	H1
EPI_ISL_644681	2020-02-26	France	TTGCGTCGGTG	H7
EPI_ISL_497969	2020-02-19	South	Korea	H4
EPI_ISL_457730	2020-02-06	China	CCGCTCCATTG	H10
EPI_ISL_479870	2020-02-21	Japan	CCGCGCCAGTG	H1
EPI_ISL_437623	2020-01-08	Thailand	CCGCGCCAGTG	H1
EPI_ISL_490006	2020-02-18	Saudi	Arabia	H8
EPI_ISL_413456	2020-02-21	USA	CCGTGCTAGCG	H6
EPI_ISL_429089	2020-02-08	China	TTGCGCCGGTG	H11
EPI_ISL_411066	2020-01-22	China	CCGCGCCAGTG	H1
EPI_ISL_411954	2020-02-06	USA	CCGTGCCAGCT	other
EPI_ISL_460095	2020-02-26	Italy	TTGCGTCGGTG	H7
EPI_ISL_408484	2020-01-15	China	CCGTGCCAGCG	H2
EPI_ISL_408670	2020-01-31	USA	CCGCGCCAGTG	H1
EPI_ISL_455351	2020-02-29	Spain	CCGTGCCAGCG	H2
EPI_ISL_451395	2020-01-30	China	CCGCGCCAGTG	H1
EPI_ISL_416595	2020-02-16	Japan	CCGCTCCAGTG	H3
EPI_ISL_497953	2020-02-20	South	Korea	H10
EPI_ISL_413619	2020-02-25	USA	CCGCTCCAGTG	H3
EPI_ISL_418502	2020-01-22	China	CCGCGCCAGTG	H1
EPI_ISL_411952	2020-01-24	China	CCGCGCCAGTG	H1
EPI_ISL_412872	2020-02-01	South	Korea	H1
EPI_ISL_416627	2020-02-17	Japan	CCGCTCCAGTG	H3
EPI_ISL_416317	2020-01-25	China	CCGTGCCAGCT	other
EPI_ISL_482680	2020-02-09	Singapore	CCGCGCCAGTG	H1
EPI_ISL_416604	2020-02-16	Japan	CCGCTCCAGTG	H3
EPI_ISL_516085	2020-02-28	Italy	TTGCGTCAGTG	other
EPI_ISL_451298	2020-02-12	Italy	CCGCTCCATTG	H10
EPI_ISL_538435	2020-02-16	Singapore	CCGCGCCAGTG	H1
EPI_ISL_471445	2020-02-20	South	Korea	H10
EPI_ISL_479871	2020-02-25	Japan	CCGCGCCAGTG	H1
EPI_ISL_414936	2020-01-23	China	CCGTGCCAGCG	H2
EPI_ISL_428470	2020-01-27	China	CCGTGCCAGCG	H2
EPI_ISL_430469	2020-02-29	Greece	CCGCGTCGGTG	H8
EPI_ISL_480032	2020-02-21	Japan	CCGCGCCAGTG	H1
EPI_ISL_451391	2020-02-13	China	CCGCGCCAGTG	H1
EPI_ISL_454754	2020-02-28	Netherlands	TTGCGCCGGTG	H11
EPI_ISL_406535	2020-01-22	China	CCGCGCCAGTG	H1
EPI_ISL_421262	2020-01-29	China	CCGCTCCAGTT	H9
EPI_ISL_418799	2020-02-28	Australia	CCGCGCCAGTG	H1
EPI_ISL_454750	2020-02-27	Netherlands	CTGCGCCGGTG	other
EPI_ISL_416318	2020-01-28	China	CCGTGCCAGCG	H2
EPI_ISL_435580	2020-02-26	USA	CCGCGCCAGTG	H1
EPI_ISL_497962	2020-01-30	South	Korea	H2
EPI_ISL_427813	2020-02-18	South	Korea	H4
EPI_ISL_408667	2020-01-31	Japan	CCGTGCCAGCG	H2
EPI_ISL_416320	2020-01-28	China	CCGCGCCAGTG	H1
EPI_ISL_416393	2020-02-09	China	CCGCGCCAGTG	H1
EPI_ISL_457689	2020-02-11	China	CCGTGCCAGCG	H2
EPI_ISL_497968	2020-02-19	South	Korea	H4
EPI_ISL_410536	2020-02-06	Singapore	CCGCGCCATTG	H5
EPI_ISL_469253	2020-02-28	China	CCGCGCCAGTG	H1
EPI_ISL_414623	2020-02-25	France	CCGTGCCAGCG	H2
EPI_ISL_437614	2020-02-25	Thailand	CCGCGCCAGCG	H12
EPI_ISL_414625	2020-02-26	France	CCGCGTCGGTG	H8
EPI_ISL_455466	2020-02-01	China	CCGCGCCAGTG	H1
EPI_ISL_414015	2020-02-29	Brazil	CTGCGCCGGTG	other
EPI_ISL_454753	2020-02-28	Netherlands	TTGCGTCGGTG	H7
EPI_ISL_406597	2020-01-23	France	CCGCGCCATTG	H5
EPI_ISL_416632	2020-02-17	Japan	CCGCTCCAGTG	H3
EPI_ISL_493155	2020-01-25	China	CCGCGCCAGTG	H1
EPI_ISL_451307	2020-02-21	Italy	TTGCGTCGGTG	H7
EPI_ISL_414510	2020-02-02	China	CCGCGCCAGTG	H1
EPI_ISL_654866	2020-01-31	Vietnam	CCGTGCCAGCG	H2
EPI_ISL_497951	2020-02-20	South	Korea	H10
EPI_ISL_464169	2020-02-13	England	CCGCGCCATTG	H5
EPI_ISL_416592	2020-02-16	Japan	CCGCTCCAGTG	H3
EPI_ISL_428469	2020-01-27	China	CCGCGCCAGTG	H1
EPI_ISL_471453	2020-02-20	South	Korea	H2
EPI_ISL_408482	2020-01-19	China	CCGCTCCAGTT	H9
EPI_ISL_417147	2020-02-28	USA	CCGTGCTAGCG	H6
EPI_ISL_429077	2020-02-07	China	CCGCGCCAGTG	H1
EPI_ISL_421261	2020-01-29	China	CCGCGCCAGTT	H14
EPI_ISL_414476	2020-02-29	USA	CCGCTCCAGTT	H9
EPI_ISL_539339	2020-01-29	China	CCGCGCCAGTG	H1
EPI_ISL_418809	2020-02-01	Japan	CCGTGCCAGCG	H2
EPI_ISL_428464	2020-01-25	China	CCGCGCCATTG	H5
EPI_ISL_426182	2020-02-09	South	Korea	H2
EPI_ISL_417096	2020-02-27	USA	CCGTGCTAGCG	H6
EPI_ISL_454937	2020-02-11	China	CCGCGCCAGTG	H1
EPI_ISL_421225	2020-01-22	China	CCGCGCCAGTG	H1
EPI_ISL_451394	2020-02-03	China	CCGCGCCAGCT	other
EPI_ISL_421254	2020-02-03	China	CCGCGCCAGTG	H1
EPI_ISL_457697	2020-02-20	China	CCGCGCCAGTG	H1
EPI_ISL_437624	2020-02-01	Thailand	CCGCGCCATTG	H5
EPI_ISL_460091	2020-02-22	Italy	TTGCGTCGGTG	H7
EPI_ISL_421239	2020-01-26	China	CCGTGCCAGCG	H2
EPI_ISL_416399	2020-02-13	China	CCGCGCCAGTG	H1
EPI_ISL_418504	2020-01-21	China	CCGCGCCAGTG	H1
EPI_ISL_430160	2020-02-29	USA	CCGTGCTAGCG	H6
EPI_ISL_447914	2020-01-25	Thailand	CCGCGCCAGTG	H1
EPI_ISL_455461	2020-02-06	China	CCGTGCCAGCG	H2
EPI_ISL_406716	2020-01-02	China	CCGCGCCAGTG	H1
EPI_ISL_427812	2020-02-19	South	Korea	H2
EPI_ISL_430724	2020-02-08	China	CCGTGCCAGCG	H2
EPI_ISL_403962	2020-01-08	Thailand	CCGCGCCAGTG	H1
EPI_ISL_413596	2020-02-28	Australia	CCGCGCCAGTG	H1
EPI_ISL_451386	2020-02-02	China	CCGCGCCAGTG	H1
EPI_ISL_411220	2020-01-28	France	CCGCGCCATTG	H5
EPI_ISL_414938	2020-01-24	China	CCGTGCCAGCG	H2
EPI_ISL_419211	2020-02-23	Israel	CCGCTCCAGTG	H3
EPI_ISL_493153	2020-01-25	China	CCGCGCCAGTG	H1
EPI_ISL_418509	2020-01-23	China	CCGCGCCAGTG	H1
EPI_ISL_414690	2020-02-25	China	CCGTGCCAGCG	H2
EPI_ISL_462283	2020-01-27	Singapore	CCGCGCCAGTG	H1
EPI_ISL_497957	2020-02-20	South	Korea	H10
EPI_ISL_426171	2020-02-05	South	Korea	H2
EPI_ISL_435137	2020-01-29	United	Arab	H2
EPI_ISL_413609	2020-02-21	USA	CCGCTCCAGTG	H3
EPI_ISL_451398	2020-01-31	China	CCGCGCCAGTG	H1
EPI_ISL_420456	2020-02-22	Australia	CTGCTCCAGTG	other
EPI_ISL_418506	2020-01-21	China	CCGCGCCAGTG	H1
EPI_ISL_464185	2020-02-25	England	CCGCTCCAGTG	H3
EPI_ISL_416411	2020-01-25	Australia	CCGCGCCATTG	H5
EPI_ISL_414663	2020-02-25	China	CCGTGCCAGCG	H2
EPI_ISL_413559	2020-02-27	USA	CCGCGCCAGTG	H1
EPI_ISL_539335	2020-01-28	China	CCGCGCCAGTG	H1
EPI_ISL_430273	2020-02-29	USA	CCGTGCTAGCG	H6
EPI_ISL_451387	2020-01-27	China	CCGCGCCAGTG	H1
EPI_ISL_493177	2020-01-26	China	CCGCGCCAGTG	H1
EPI_ISL_451320	2020-01-27	China	CCGCGCCAGCG	H12
EPI_ISL_414497	2020-02-25	Germany	CCGCGCCAGTG	H1
EPI_ISL_460080	2020-02-28	Italy	TTGCGTCGGTG	H7
EPI_ISL_506949	2020-02-27	South	Korea	H4
EPI_ISL_412459	2020-01-08	China	CCGCGCCAGTG	H1
EPI_ISL_413560	2020-02-28	USA	CCGTGCTAGCG	H6
EPI_ISL_451322	2020-02-01	China	CCGCGCCAGCG	H12
EPI_ISL_497966	2020-02-09	South	Korea	H2
EPI_ISL_497994	2020-02-23	South	Korea	H4
EPI_ISL_418503	2020-01-22	China	CCGCGCCAGTG	H1
EPI_ISL_434571	2020-01-22	China	CCGTGCCAGCG	H2
EPI_ISL_457691	2020-02-11	China	CCGCGCCAGTG	H1
EPI_ISL_447252	2020-02-25	China	CCGCGCCAGTT	H14
EPI_ISL_418220	2020-02-28	France	TTGCGTCGGTG	H7
EPI_ISL_455790	2020-01-30	Malaysia	CCGTGCCAGCG	H2
EPI_ISL_415454	2020-02-28	Switzerland	TTGCGCCGGTG	H11
EPI_ISL_413621	2020-02-18	USA	CCGCTCCAGTG	H3
EPI_ISL_493137	2020-02-25	Thailand	CCGTGCCAGCG	H2
EPI_ISL_420135	2020-02-28	Norway	CCGCTCCATTG	H10
EPI_ISL_451383	2020-02-02	China	CCGTGCCAGCT	other
EPI_ISL_480043	2020-02-21	Japan	CCGTGCCAGCG	H2
EPI_ISL_414523	2020-02-27	England	TTGCGCCGGTG	H11
EPI_ISL_450204	2020-02-03	Germany	TTGCGCCGGTG	H11
EPI_ISL_418991	2020-02-04	China	CCGCGCCAGTG	H1
EPI_ISL_486664	2020-02-26	Italy	TTGCGTCGGTG	H7
EPI_ISL_475547	2020-02-28	Sweden	CCGCGCCAGTT	H14
EPI_ISL_493158	2020-01-25	China	CCGCGCCAGTG	H1
EPI_ISL_460083	2020-02-26	Italy	TTGCGTCGGTG	H7
EPI_ISL_466615	2020-02-16	England	TTGCGCCGGTG	H11
EPI_ISL_493170	2020-01-26	China	CCGCGCCAGTG	H1
EPI_ISL_421226	2020-01-22	China	CCGCGCCAGTG	H1
EPI_ISL_416332	2020-01-30	China	CCGCTCCAGTT	H9
EPI_ISL_451325	2020-01-31	China	CCGCGCTAGCG	other
EPI_ISL_421245	2020-01-25	China	CCGTGCCAGCG	H2
EPI_ISL_596386	2020-01-19	USA	CCGTGCTAGCG	H6
EPI_ISL_415455	2020-02-28	Switzerland	TTGCGCCGGTG	H11
EPI_ISL_464212	2020-02-29	England	CCGCTCCAGTT	H9
EPI_ISL_407988	2020-02-01	Singapore	CCGCTCCAGTG	H3
EPI_ISL_450504	2020-01-25	China	CCGCGCCAGTG	H1
EPI_ISL_417145	2020-02-29	USA	CCGTGCTAGCG	H6
EPI_ISL_435131	2020-02-25	United	Arab	H9
EPI_ISL_413617	2020-02-20	USA	CCGCTCCAGTG	H3
EPI_ISL_497797	2020-01-29	China	CCGCGCCAGTG	H1
EPI_ISL_451344	2020-01-31	China	CCGCGCCAGTG	H1
EPI_ISL_406031	2020-01-23	China	CCGCGCCATTG	H5
EPI_ISL_434567	2020-01-27	China	CCGTGCCAGCG	H2
EPI_ISL_428466	2020-01-26	China	CCGCTCCAGTG	H3
EPI_ISL_454931	2020-02-10	China	CCGCGCCAGTG	H1
EPI_ISL_497998	2020-02-27	South	Korea	H4
EPI_ISL_497985	2020-02-22	South	Korea	H4
EPI_ISL_430741	2020-02-10	China	CCGTGCCAGCG	H2
EPI_ISL_464199	2020-02-28	England	CCGCTCCAGTT	H9
EPI_ISL_508933	2020-02-28	France	TCGCGTCGGTG	other
EPI_ISL_497983	2020-02-22	South	Korea	H4
EPI_ISL_421244	2020-01-22	China	CCGTGCCAGCG	H2
EPI_ISL_417153	2020-02-29	USA	CCGTGCTAGCG	H6
EPI_ISL_416581	2020-02-15	Japan	CCGCTCCAGTG	H3
EPI_ISL_418247	2020-02-26	Spain	CCGTGTCGGTG	other
EPI_ISL_419224	2020-02-13	China	CCGCGCCATTG	H5
EPI_ISL_417484	2020-02-26	Norway	CCGCTCCAGTT	H9
EPI_ISL_419656	2020-02-26	Austria	TTGCGTCGGTG	H7
EPI_ISL_421258	2020-02-08	China	CCGCGCCAGTG	H1
EPI_ISL_497993	2020-02-21	South	Korea	H4
EPI_ISL_435134	2020-02-08	United	Arab	H1
EPI_ISL_425178	2020-02-28	Spain	CCGTGCCAGCG	H2
EPI_ISL_464186	2020-02-25	England	CCGCTCCAGTG	H3
EPI_ISL_451302	2020-01-30	Italy	CCGCTCCATTG	H10
EPI_ISL_413214	2020-02-29	Australia	CCGCTCCAGTT	H9
EPI_ISL_490002	2020-02-13	Saudi	Arabia	H8
EPI_ISL_417095	2020-02-28	USA	CCGTGCTAGCG	H6
EPI_ISL_416576	2020-02-15	Japan	CCGCTCCAGTG	H3
EPI_ISL_413610	2020-02-21	USA	CCGCTCCAGTG	H3
EPI_ISL_414483	2020-02-17	USA	CCGCTCCAGTG	H3
EPI_ISL_454919	2020-02-03	China	CCGCGCCAGCG	H12
EPI_ISL_414600	2020-02-26	France	CCGTGCCAGCG	H2
EPI_ISL_493168	2020-01-26	China	CCGTGCCAGCG	H2
EPI_ISL_410045	2020-01-28	USA	CCGTGCCAGCG	H2
EPI_ISL_479800	2020-01-20	Japan	CCGCGCCAGTG	H1
EPI_ISL_450502	2020-01-26	China	CCGCGCCAGTG	H1
EPI_ISL_421250	2020-02-03	China	CCGCGCCAGTG	H1
EPI_ISL_454973	2020-02-22	China	CCGCGCCAGCG	H12
EPI_ISL_414480	2020-02-21	USA	CCGCTCCAGTG	H3
EPI_ISL_497990	2020-02-24	South	Korea	H4
EPI_ISL_452363	2020-01-31	China	CCGCGCCAGCG	H12
EPI_ISL_457726	2020-02-06	China	CCGCGCCAGTG	H1
EPI_ISL_404253	2020-01-21	USA	CCGCGCCAGTG	H1
EPI_ISL_416574	2020-02-15	Japan	CCGCTCCAGTG	H3
EPI_ISL_416571	2020-02-15	Japan	CCGCTCCAGTG	H3
EPI_ISL_416334	2020-02-06	China	TTGCGCCGGTG	H11
EPI_ISL_420800	2020-02-29	South	Korea	H4
EPI_ISL_454912	2020-02-25	China	CCGCGCCAGTG	H1
EPI_ISL_451328	2020-02-02	China	CCGCGCCAGTG	H1
EPI_ISL_460092	2020-02-28	Italy	TTGCGTCGGTG	H7
EPI_ISL_413595	2020-02-28	Australia	CCGCTCCAGTG	H3
EPI_ISL_416613	2020-02-17	Japan	CCGCTCCAGTG	H3
EPI_ISL_414007	2020-02-28	England	CCGCGCCATTG	H5
EPI_ISL_464224	2020-02-28	England	CCGCTCCATTG	H10
EPI_ISL_414484	2020-02-17	USA	CCGCTCCAGTG	H3
EPI_ISL_416331	2020-01-30	China	CCGCTCCAGTT	H9
EPI_ISL_454981	2020-02-04	China	CCGCGCCAGTG	H1
EPI_ISL_471450	2020-02-19	South	Korea	H4
EPI_ISL_416404	2020-02-09	China	CCGCGCCAGTG	H1
EPI_ISL_418993	2020-01-29	Singapore	CCGTGCTAGCG	H6
EPI_ISL_435121	2020-02-25	United	Arab	H9
EPI_ISL_428442	2020-01-30	China	CCGCGCCATTG	H5
EPI_ISL_447919	2020-02-04	Thailand	CCGCGCCGTTG	other
EPI_ISL_481377	2020-02-23	South	Korea	other
EPI_ISL_417064	2020-01-21	China	CCGCGCCAGTG	H1
EPI_ISL_413555	2020-02-27	Wales	TTGCGTCGGTG	H7
EPI_ISL_460090	2020-02-28	Italy	TTGCGTCGGTG	H7
EPI_ISL_490000	2020-02-10	Saudi	Arabia	H8
EPI_ISL_410486	2020-02-08	France	CCGCGCCAGTG	H1
EPI_ISL_410301	2020-01-13	Nepal	CCGCGCCAGTG	H1
EPI_ISL_416907	2020-02-06	Malaysia	CCGCGCCAGTG	H1
EPI_ISL_450203	2020-02-01	Germany	CTGCGCCGGTG	other
EPI_ISL_493178	2020-01-26	China	CCGTGCCAGCG	H2
EPI_ISL_424360	2020-01-29	China	CCGTGCCAGCG	H2
EPI_ISL_506952	2020-02-28	South	Korea	H4
EPI_ISL_411950	2020-01-23	China	CCGCGCCAGTG	H1
EPI_ISL_447909	2020-01-13	Thailand	CCGCGCCAGTG	H1
EPI_ISL_569866	2020-02-25	Italy	TTGCGTCGGTG	H7
EPI_ISL_412981	2020-01-18	China	CCGCTCCAGTT	H9
EPI_ISL_605929	2020-02-24	China	CCGCGCCATTG	H5
EPI_ISL_419557	2020-02-29	USA	CCGCGTCGGTG	H8
EPI_ISL_493185	2020-01-26	China	CCGTGCCAGCG	H2
EPI_ISL_416325	2020-02-02	China	CCGCGCCATTG	H5
EPI_ISL_497981	2020-02-21	South	Korea	H4
EPI_ISL_416394	2020-02-14	China	CCGCGCCAGTG	H1
EPI_ISL_416367	2020-02-01	China	CCGCGCCAGTG	H1
EPI_ISL_430272	2020-02-28	USA	CCGTGCTAGCG	H6
EPI_ISL_404895	2020-01-19	USA	CCGTGCTAGCG	H6
EPI_ISL_417149	2020-02-28	USA	CCGTGCTAGCG	H6
EPI_ISL_497987	2020-02-22	South	Korea	H4
EPI_ISL_417447	2020-02-24	Italy	TTGCGTCGGTG	H7
EPI_ISL_457699	2020-02-22	Italy	TTGCGTCGGTG	H7
EPI_ISL_451345	2020-01-24	China	CCGCGCCGGTG	other
EPI_ISL_428441	2020-01-29	China	CCGTGCCAGCG	H2
EPI_ISL_413996	2020-02-24	Switzerland	TTGCGCCGGTG	H11
EPI_ISL_454934	2020-02-11	China	CCGCGCCAGTG	H1
EPI_ISL_454932	2020-02-11	China	CCGCGCCAGTG	H1
EPI_ISL_416606	2020-02-16	Japan	CCGCTCCAGTG	H3
EPI_ISL_410718	2020-02-05	Australia	CCGTGCCAGCT	other
EPI_ISL_449480	2020-01-22	China	CCGTGCCAGCG	H2
EPI_ISL_497991	2020-02-21	South	Korea	H4
EPI_ISL_411915	2020-01-25	China	CCGCGCCAGTG	H1
EPI_ISL_417101	2020-02-29	USA	CCGTGCTAGCG	H6
EPI_ISL_479803	2020-02-28	Japan	CCGCGCCAGTG	H1
EPI_ISL_414414	2020-02-29	Australia	CCGCTCCAGTT	H9
EPI_ISL_454915	2020-02-24	China	CCGCGCCAGTG	H1
EPI_ISL_421259	2020-01-27	China	CCGCGCCAGTG	H1
EPI_ISL_406862	2020-01-28	Germany	TTGCGCCGGTG	H11
EPI_ISL_480031	2020-02-19	Japan	CCGCTCCAGTG	H3
EPI_ISL_454418	2020-02-15	China	CCGTGCCAGCG	H2
EPI_ISL_417159	2020-02-29	USA	CCGTGCTAGCG	H6
EPI_ISL_464219	2020-02-28	England	TTGCGTCGGTG	H7
EPI_ISL_421236	2020-01-20	China	CCGCTCCAGTG	H3
EPI_ISL_454916	2020-02-27	China	CCGCGCCAGTG	H1
EPI_ISL_411218	2020-02-02	France	CCGCTCCAGTG	H3
EPI_ISL_414624	2020-02-26	France	CTGCGTCGGTG	other
EPI_ISL_426173	2020-02-07	South	Korea	H2
EPI_ISL_416610	2020-02-17	Japan	CCGCTCCAGTG	H3
EPI_ISL_416622	2020-02-17	Japan	CCGCTCCAGTG	H3
EPI_ISL_429080	2020-02-05	China	TTGCGCCGGTG	H11
EPI_ISL_416398	2020-02-02	China	CCGCGCCAGTG	H1
EPI_ISL_408665	2020-01-29	Japan	CCGTGCCAGCG	H2
EPI_ISL_420791	2020-02-29	USA	CCGCGTCGGTG	H8
EPI_ISL_416465	2020-02-29	USA	CCGTGCTAGCG	H6
EPI_ISL_464215	2020-02-29	England	CTGCGCCGGTG	other
EPI_ISL_477170	2020-02-16	Singapore	CCGTGCCAGTG	H13
EPI_ISL_455603	2020-01-30	Australia	CTGCGCCAGTG	other
EPI_ISL_413019	2020-02-26	Switzerland	CCGCGCCATTG	H5
EPI_ISL_411927	2020-01-28	China	CCGCGCCAGTG	H1
EPI_ISL_416584	2020-02-15	Japan	CCGCTCCAGTG	H3
EPI_ISL_406593	2020-01-13	China	CCGTGCCAGCG	H2
EPI_ISL_411951	2020-02-07	Sweden	CCGCGCCATTG	H5
EPI_ISL_451357	2020-02-03	China	CCGCGCCAGTG	H1
EPI_ISL_455375	2020-02-11	China	CCGCGCCAGTG	H1
EPI_ISL_410535	2020-02-03	Singapore	CCGTGCCAGCG	H2
EPI_ISL_416614	2020-02-17	Japan	CCGCTCCAGTG	H3
EPI_ISL_479829	2020-02-28	Japan	CCGCGCCAGTG	H1
EPI_ISL_434563	2020-01-23	China	CCGCGCCAGTG	H1
EPI_ISL_419554	2020-02-26	USA	CCGCGCCAGTG	H1
EPI_ISL_449481	2020-01-22	China	CCGTGCCAGCG	H2
EPI_ISL_464168	2020-02-09	England	CCGCGCCATTG	H5
EPI_ISL_417148	2020-02-28	USA	CCGTGCTAGCG	H6
EPI_ISL_426169	2020-02-05	South	Korea	H1
EPI_ISL_407893	2020-01-24	Australia	CCGTGCCAGCG	H2
EPI_ISL_450199	2020-01-29	Germany	TTGCGCCGGTG	H11
EPI_ISL_417135	2020-02-22	USA	CCGTGCTAGCG	H6
EPI_ISL_417134	2020-02-26	USA	CCGTGCTAGCG	H6
EPI_ISL_451338	2020-02-05	China	CCGCGCCAGTG	H1
EPI_ISL_437622	2020-01-23	Thailand	CCGCGCCATTG	H5
EPI_ISL_410717	2020-02-05	Australia	CCGTGCCAGCT	other
EPI_ISL_414011	2020-02-26	England	CCGCTCCATTG	H10
EPI_ISL_416569	2020-02-15	Japan	CCGCTCCAGTG	H3
EPI_ISL_457692	2020-02-14	China	CCGTGCCAGCG	H2
EPI_ISL_413606	2020-02-17	USA	CCGCTCCAGTG	H3
EPI_ISL_417161	2020-02-29	USA	CCGTGCTAGCG	H6
EPI_ISL_412026	2020-02-23	China	CCGCGCCAGTG	H1
EPI_ISL_413015	2020-01-23	Canada	CCGCGCCAGTG	H1
EPI_ISL_418515	2020-01-25	China	CCGCGCCAGTG	H1
EPI_ISL_429088	2020-02-01	China	CCGCGCCAGTG	H1
EPI_ISL_437617	2020-02-03	Thailand	CCGCGCCATTG	H5
EPI_ISL_455350	2020-02-29	Spain	CCGTGCCAGCG	H2
EPI_ISL_430737	2020-02-25	China	CCGTGCCAGCG	H2
EPI_ISL_497988	2020-02-23	South	Korea	H4
EPI_ISL_416352	2020-01-30	China	CCGTGCCAGCG	H2
EPI_ISL_416582	2020-02-15	Japan	CCGCTCCAGTG	H3
EPI_ISL_418218	2020-02-21	France	TTGCGTCGGTG	H7
EPI_ISL_418992	2020-02-10	Singapore	CCGCGCCATTG	H5
EPI_ISL_413620	2020-02-18	USA	CCGCTCCAGTG	H3
EPI_ISL_429852	2020-01-25	China	CCGCGCCAGTG	H1
EPI_ISL_460086	2020-02-24	Italy	TTGCGTCGGTG	H7
EPI_ISL_413016	2020-02-28	Brazil	CCGCTCCATTG	H10
EPI_ISL_455365	2020-02-23	China	CCGCGCCAGCG	H12
EPI_ISL_539336	2020-01-27	China	CCGCGCCAGTG	H1
EPI_ISL_455686	2020-01-26	China	CCGCGCCAGTG	H1
EPI_ISL_411956	2020-02-11	USA	CCGTGCCAGCG	H2
EPI_ISL_417030	2020-01-24	Australia	CCGTGCCAGCG	H2
EPI_ISL_450410	2020-01-31	China	CCGCGCCAGTG	H1
EPI_ISL_430135	2020-02-29	USA	CCGTGCTAGCG	H6
EPI_ISL_447917	2020-01-29	Thailand	CCGCGCCATTG	H5
EPI_ISL_421229	2020-01-21	China	CCGCGCCAGTG	H1
EPI_ISL_416583	2020-02-15	Japan	CCGCTCCAGTG	H3
EPI_ISL_461101	2020-02-29	Netherlands	CCGCGCCAGTG	H1
EPI_ISL_428447	2020-01-21	China	CCGTGCCAGCG	H2
EPI_ISL_413022	2020-02-29	Switzerland	CCGCGTCGGTG	H8
EPI_ISL_416603	2020-02-16	Japan	CCGCTCCAGTG	H3
EPI_ISL_413997	2020-02-26	Switzerland	TTGCGTCGGTG	H7
EPI_ISL_416382	2020-02-08	China	CCGCTCCAGTT	H9
EPI_ISL_454996	2020-02-26	China	CCGTGCCAGCG	H2
EPI_ISL_408008	2020-01-29	USA	CCGCGCCAGTG	H1
EPI_ISL_450512	2020-02-27	Lebanon	CCGCTCCAGTT	H9
EPI_ISL_416353	2020-02-04	China	CCGCGCCAGTG	H1
EPI_ISL_416608	2020-02-17	Japan	CCGCTCCAGTG	H3
EPI_ISL_412978	2020-01-17	China	CCGTGCCAGCG	H2
EPI_ISL_416611	2020-02-17	Japan	CCGCTCCAGTG	H3
EPI_ISL_471443	2020-02-19	South	Korea	H4
EPI_ISL_418508	2020-01-23	China	CCGCGCCAGTG	H1
EPI_ISL_486660	2020-02-23	Italy	TTGCGTCGGTG	H7
EPI_ISL_412871	2020-01-31	South	Korea	H2
EPI_ISL_506950	2020-02-28	South	Korea	H4
EPI_ISL_414482	2020-02-18	USA	CCGCTCCAGTG	H3
EPI_ISL_479998	2020-02-25	Japan	CCGCGCCAGTG	H1
EPI_ISL_539337	2020-01-26	China	CCGCGCCAGTG	H1
EPI_ISL_497992	2020-02-21	South	Korea	H4
EPI_ISL_414020	2020-02-27	Switzerland	TTGCGCCGGTG	H11
EPI_ISL_416366	2020-01-30	China	CCGTGCCAGCG	H2
EPI_ISL_429091	2020-02-08	China	CCGTGCCAGCG	H2
EPI_ISL_454926	2020-02-28	China	CCGCGCCAGTG	H1
EPI_ISL_426168	2020-02-02	South	Korea	H2
EPI_ISL_481370	2020-02-21	South	Korea	H4
EPI_ISL_493182	2020-01-26	China	CCGTGCCAGTG	H13
EPI_ISL_412912	2020-02-25	Germany	TTGCGTCGGTG	H7
EPI_ISL_497996	2020-02-27	South	Korea	H4
EPI_ISL_416324	2020-01-29	China	CCGCGCCAGTG	H1
EPI_ISL_417099	2020-02-29	USA	CCGTGCTAGCG	H6
EPI_ISL_406536	2020-01-22	China	CCGCGCCAGTG	H1
EPI_ISL_547499	2020-02-27	Netherlands	TTGCGTCGGTG	H7
EPI_ISL_497995	2020-02-26	South	Korea	H4
EPI_ISL_407193	2020-01-25	South	Korea	H2
EPI_ISL_417137	2020-02-21	USA	CCGTGCTAGCG	H6
EPI_ISL_451337	2020-01-30	China	CCGCGCTAGCG	other
EPI_ISL_413612	2020-02-17	USA	CCGCTCCAGTG	H3
EPI_ISL_437616	2020-02-07	Thailand	CCGTGCCAGCG	H2
EPI_ISL_430740	2020-02-07	China	CCGCGCCATTG	H5
EPI_ISL_480047	2020-02-25	Japan	CCGTGCCAGCG	H2
EPI_ISL_455314	2020-02-28	Spain	CCGTGCCAGCG	H2
EPI_ISL_451353	2020-01-27	China	CCGCGCCAGCG	H12
EPI_ISL_452364	2020-02-05	China	CCGCGCCAGTT	H14
EPI_ISL_497973	2020-02-20	South	Korea	H4
EPI_ISL_419216	2020-02-10	China	CCGCGCCATTG	H5
EPI_ISL_516083	2020-02-26	Italy	TTGCGTCAGTG	other
EPI_ISL_418512	2020-01-25	China	CCGCGCCAGTG	H1
EPI_ISL_435587	2020-02-29	USA	CCGCGCCAGTG	H1
EPI_ISL_490009	2020-02-24	Saudi	Arabia	H8
EPI_ISL_455367	2020-02-23	China	CCGCGCCAGTG	H1
EPI_ISL_451392	2020-01-24	China	CCGCGCCAGTG	H1
EPI_ISL_454927	2020-02-28	China	CCGCGCCAGTG	H1
EPI_ISL_404228	2020-01-17	China	CCGCGCCAGTG	H1
EPI_ISL_421232	2020-01-21	China	CCGCGCCAGTG	H1
EPI_ISL_480045	2020-02-22	Japan	CCGTGCCAGCG	H2
EPI_ISL_480048	2020-02-26	Japan	CCGTGCCAGCG	H2
EPI_ISL_454751	2020-02-28	Netherlands	CTGCGCCGGTG	other
EPI_ISL_412964	2020-02-25	Brazil	CCGCGTCGGTG	H8
EPI_ISL_539334	2020-01-25	China	CCGCGCCAGTG	H1
EPI_ISL_481373	2020-02-23	South	Korea	H4
EPI_ISL_416370	2020-02-01	China	CCGCGCCAGTG	H1
EPI_ISL_489998	2020-02-09	Saudi	Arabia	H8
EPI_ISL_413514	2020-02-27	South	Korea	H2
EPI_ISL_471426	2020-02-18	South	Korea	H4
EPI_ISL_434568	2020-01-29	China	CCGTGCCAGCG	H2
EPI_ISL_451306	2020-02-21	Italy	TTGCGTCGGTG	H7
EPI_ISL_479997	2020-02-24	Japan	CCGCGCCAGTG	H1
EPI_ISL_493414	2020-02-18	Singapore	CCGCGCCAGTG	H1
EPI_ISL_410720	2020-01-23	France	CCGCGCCATTG	H5
EPI_ISL_429098	2020-01-29	China	CCGCGCCAGTG	H1
EPI_ISL_527873	2020-02-21	Nigeria	CCGCTCCATTG	H10
EPI_ISL_411902	2020-01-27	Cambodia	CCGCGCCAGTG	H1
EPI_ISL_417160	2020-02-29	USA	CCGTGCTAGCG	H6
EPI_ISL_497976	2020-02-21	South	Korea	H4
EPI_ISL_490005	2020-02-18	Saudi	Arabia	H8
EPI_ISL_416402	2020-02-11	China	CCGTGCCAGCG	H2
EPI_ISL_455465	2020-02-10	China	CCGCGCCATTG	H5
EPI_ISL_416621	2020-02-17	Japan	CCGCTCCAGTG	H3
EPI_ISL_414509	2020-02-28	Germany	CCGCGCCAGTG	H1
EPI_ISL_412975	2020-02-28	Australia	CCGCTCCAGTT	H9
EPI_ISL_435583	2020-02-29	USA	TTGCGCCGGTG	H11
EPI_ISL_451327	2020-02-01	China	CCGCGCCAGTG	H1
EPI_ISL_527916	2020-02-26	Switzerland	TTGCGTCAGTG	other
EPI_ISL_416379	2020-02-01	China	CCGCGCCAGTG	H1
EPI_ISL_419232	2020-02-19	China	CCGCTCCATTG	H10
EPI_ISL_416342	2020-02-04	China	CCGCTCCAGTG	H3
EPI_ISL_463894	2020-01-30	China	CCGTGCCAGCG	H2
EPI_ISL_454749	2020-02-16	Japan	CCGCTCCAGTG	H3
EPI_ISL_605797	2020-02-20	Ireland	TTGCGTCGGTG	H7
EPI_ISL_413520	2020-01-28	China	CCGTGCCAGCG	H2
EPI_ISL_540993	2020-02-20	South	Korea	H4
EPI_ISL_450411	2020-02-02	China	CCGCGCCAGTG	H1
EPI_ISL_414485	2020-02-24	USA	CCGCTCCAGTG	H3
EPI_ISL_416336	2020-02-01	China	CCGCGCCAGTG	H1
EPI_ISL_493163	2020-01-25	China	CCGCGCCAGTG	H1
EPI_ISL_476559	2020-02-27	Morocco	TTGCGTCGGTG	H7
EPI_ISL_415741	2020-02-26	China	CCGCTCCAGTT	H9
EPI_ISL_413459	2020-02-20	Japan	CCGCTCCAGTG	H3
EPI_ISL_497978	2020-02-21	South	Korea	H4
EPI_ISL_413861	2020-02-01	China	CCGCGCCAGTG	H1
EPI_ISL_582620	2020-02-22	United	Arab	H1
EPI_ISL_493174	2020-01-26	China	CCGTGCCAGCG	H2
EPI_ISL_410546	2020-01-31	Italy	CCGCTCCATTG	H10
EPI_ISL_419226	2020-02-13	China	CCGCGCCATTG	H5
EPI_ISL_450207	2020-02-07	Germany	TTGCGCCGGTG	H11
EPI_ISL_497954	2020-02-20	South	Korea	H10
EPI_ISL_413611	2020-02-21	USA	CCGCTCCAGTG	H3
EPI_ISL_416597	2020-02-16	Japan	CCGCTCCAGTG	H3
EPI_ISL_405839	2020-01-11	China	CCGTGCCAGCG	H2
EPI_ISL_410218	2020-02-05	China	CCGCGCCAGTG	H1
EPI_ISL_408010	2020-01-29	USA	CCGCGCCAGTG	H1
EPI_ISL_479913	2020-02-28	Japan	CCGTGCCAGCG	H2
EPI_ISL_427809	2020-02-26	South	Korea	H4
EPI_ISL_493154	2020-01-25	China	CCGCGCCAGTG	H1
EPI_ISL_414941	2020-01-30	China	CCGTGCCAGCG	H2
EPI_ISL_413024	2020-02-29	Switzerland	CCGCGTCGGTG	H8
EPI_ISL_525575	2020-02-29	USA	CCGCTCCAGTT	H9
EPI_ISL_415159	2020-02-29	Belgium	TTGCGTCGGTG	H7
EPI_ISL_429968	2020-02-21	France	TTGCGTCGGTG	H7
EPI_ISL_421252	2020-01-11	China	CCGCGCCAGTG	H1
EPI_ISL_418514	2020-01-25	China	CCGCGCCAGTG	H1
EPI_ISL_471451	2020-02-20	South	Korea	H4
EPI_ISL_475836	2020-02-28	Austria	TTGCGTCGGTG	H7
EPI_ISL_493186	2020-01-26	China	CCGTGCCAGCG	H2
EPI_ISL_411219	2020-01-28	France	CCGCGCCATTG	H5
EPI_ISL_428465	2020-01-24	China	CCGCGCCAGTG	H1
EPI_ISL_464201	2020-02-28	England	CCGCGCCAGTG	H1
EPI_ISL_416330	2020-02-02	China	CCGTGCCAGCG	H2
EPI_ISL_451346	2020-02-04	China	CCGTGCCAGCG	H2
EPI_ISL_412873	2020-02-06	South	Korea	other
EPI_ISL_450444	2020-01-22	China	CCGCGCCAGTG	H1
EPI_ISL_493188	2020-01-26	China	CCGTGCCAGCG	H2
EPI_ISL_414379	2020-02-18	Singapore	CCGTGCCAGTG	H13
EPI_ISL_416866	2020-01-24	Malaysia	CCGCGCCAGTG	H1
EPI_ISL_406970	2020-01-20	China	CCGCGCCAGTG	H1
EPI_ISL_417197	2020-02-09	China	CCGCGCCATTG	H5
EPI_ISL_417108	2020-02-29	USA	CCGTGCTAGCG	H6
EPI_ISL_416886	2020-02-04	Malaysia	CCGTGCTAGCG	H6
EPI_ISL_454952	2020-02-19	China	CCGCGCCAGCG	H12
EPI_ISL_414571	2020-02-22	China	CCGCGCCAGTG	H1
EPI_ISL_447911	2020-01-24	Thailand	CCGTGCCAGCG	H2
EPI_ISL_428458	2020-02-06	China	CCGTGCCAGCG	H2
EPI_ISL_416337	2020-02-04	China	CCGCGCCAGTG	H1
EPI_ISL_455368	2020-02-23	China	CCGTGCCAGCG	H2
EPI_ISL_418219	2020-02-26	France	TTGCGTCGGTG	H7
EPI_ISL_479851	2020-02-17	Japan	CCGCTCCAGTG	H3
EPI_ISL_418510	2020-01-23	China	CCGCGCCAGTG	H1
EPI_ISL_414479	2020-02-18	USA	CCGCTCCAGTG	H3
EPI_ISL_497783	2020-02-03	China	CCGCGCCATTG	H5
EPI_ISL_416429	2020-02-11	Vietnam	CCGTGCCAGCG	H2
EPI_ISL_421246	2020-02-26	China	CCGTGCCAGCG	H2
EPI_ISL_568579	2020-02-24	Italy	CCGCGTCGGTG	H8
EPI_ISL_429097	2020-01-29	China	CCGCGCCAGTG	H1
EPI_ISL_450408	2020-01-24	China	CCGCTCCAGTT	H9
EPI_ISL_417193	2020-02-09	China	CCGCGCCATTG	H5
EPI_ISL_434565	2020-01-24	China	CCGCTCCAGTT	H9
EPI_ISL_412974	2020-01-29	Italy	CCGCTCCATTG	H10
EPI_ISL_430736	2020-01-29	China	CCGCGCCAGTG	H1
EPI_ISL_452357	2020-02-04	China	CCGCGCCAGTT	H14
EPI_ISL_419555	2020-02-27	USA	CCTCTCCATTG	H4
EPI_ISL_429094	2020-02-08	China	CCGTGCCAGCG	H2
EPI_ISL_481374	2020-02-21	South	Korea	H4
EPI_ISL_451385	2020-02-03	China	CCGCGCCAGTG	H1
EPI_ISL_464195	2020-02-26	England	CCGCGTCGGTG	H8
EPI_ISL_471444	2020-02-20	South	Korea	H4
EPI_ISL_421260	2020-01-26	China	CCGCTCCAGTT	H9
EPI_ISL_452139	2020-02-28	Mexico	TTGCGTCGGTG	H7
EPI_ISL_437995	2020-02-28	Austria	TTGCGTCGGTG	H7
EPI_ISL_426164	2020-02-02	South	Korea	H1
EPI_ISL_455370	2020-02-24	China	CCGCGCCAGCG	H12
EPI_ISL_497965	2020-02-06	South	Korea	other
EPI_ISL_460089	2020-02-26	Italy	TTGCGTCGGTG	H7
EPI_ISL_479799	2020-01-20	Japan	CCGCGCCAGTG	H1
EPI_ISL_403935	2020-01-15	China	CCGTGCCAGCG	H2
EPI_ISL_403928	2020-01-01	China	CCGCGCCAGTG	H1
EPI_ISL_497972	2020-02-20	South	Korea	H4
EPI_ISL_538436	2020-02-20	Singapore	CCGCGCCATTG	H5
EPI_ISL_408666	2020-01-31	Japan	CCGTGCCAGCG	H2
EPI_ISL_413618	2020-02-20	USA	CCGCTCCAGTG	H3
EPI_ISL_408480	2020-01-17	China	CCGTTCCAGCG	other
EPI_ISL_425177	2020-01-23	Canada	CCGCGCCAGTG	H1
EPI_ISL_412979	2020-01-18	China	CCGTGCCAGCG	H2
EPI_ISL_416617	2020-02-17	Japan	CCGCTCCAGTG	H3
EPI_ISL_414519	2020-02-24	China	CCGCGCCATTG	H5
EPI_ISL_464228	2020-02-28	England	CCGCGCCAGTT	H14
EPI_ISL_413023	2020-02-29	Switzerland	TTGCGTCGGTG	H7
EPI_ISL_416387	2020-02-01	China	CCGCGCCAGTG	H1
EPI_ISL_493176	2020-01-26	China	CCGCGCCAGTG	H1
EPI_ISL_413616	2020-02-17	USA	CCGCTCCAGTG	H3
EPI_ISL_421256	2020-01-27	China	CCGCGCCATTG	H5
EPI_ISL_451381	2020-01-27	China	CCGCGCCATTG	H5
EPI_ISL_493169	2020-01-26	China	CCGTGCCAGCG	H2
EPI_ISL_450209	2020-01-30	Germany	TTGCGCCGGTG	H11
EPI_ISL_419559	2020-02-28	USA	CCGCGTCGGTG	H8
EPI_ISL_429105	2020-01-29	China	CCGCGCCAGTG	H1
EPI_ISL_421253	2020-01-26	China	CCGCGCCAGTG	H1
EPI_ISL_497955	2020-02-20	South	Korea	H10
EPI_ISL_414689	2020-02-25	China	CCGTGCCAGCG	H2
EPI_ISL_539531	2020-02-24	Spain	CCGCGTCGGTG	H8
EPI_ISL_454417	2020-02-13	China	CCGTGCCAGCG	H2
EPI_ISL_418998	2020-02-14	Singapore	CCGTGCCAGTG	H13
EPI_ISL_416612	2020-02-17	Japan	CCGCTCCAGTG	H3
EPI_ISL_457696	2020-02-20	China	CCGTGCCAGCG	H2
EPI_ISL_490007	2020-02-20	Saudi	Arabia	H8
EPI_ISL_408668	2020-01-24	Vietnam	CCGTGCCAGCG	H2
EPI_ISL_429078	2020-02-07	China	CCGCGCCAGTG	H1
EPI_ISL_450196	2020-01-23	Thailand	CCGCGCCAGTG	H1
EPI_ISL_506951	2020-02-29	South	Korea	H4
EPI_ISL_454923	2020-02-28	China	CCGCGCCAGTG	H1
EPI_ISL_447920	2020-02-25	Thailand	CCGTGCCAGCG	H2
EPI_ISL_408669	2020-01-29	Japan	CCGCGCCAGTG	H1
EPI_ISL_410545	2020-01-29	Italy	CCGCGCCATTG	H5
EPI_ISL_434564	2020-01-24	China	CCGCGCCAGTG	H1
EPI_ISL_497975	2020-02-21	South	Korea	H10
EPI_ISL_497982	2020-02-21	South	Korea	H4
EPI_ISL_418251	2020-02-25	Spain	CCGTGTCGGTG	other
EPI_ISL_424359	2020-01-27	China	CCGCGCCAGTG	H1
EPI_ISL_495459	2020-01-24	China	CCGCGCCAGTG	H1
EPI_ISL_407894	2020-01-28	Australia	CCGTGCCAGCT	other
EPI_ISL_413857	2020-01-31	China	CCGCGCCAGTG	H1
EPI_ISL_415700	2020-02-28	Switzerland	TTGCGTCGGTG	H7
EPI_ISL_426166	2020-02-04	South	Korea	H1
EPI_ISL_460088	2020-02-26	Italy	TTGCGTCGGTG	H7
EPI_ISL_493421	2020-02-07	Singapore	CCGCGCCAGTG	H1
EPI_ISL_421237	2020-01-22	China	CCGTGCCAGCG	H2
EPI_ISL_410537	2020-02-09	Singapore	CCGCGCCAGTG	H1
EPI_ISL_412869	2020-01-30	South	Korea	H2
EPI_ISL_501220	2020-02-25	Malaysia	CCGCGCCAGTG	H1
EPI_ISL_516084	2020-02-28	Italy	TTGCGTCAGTG	other
EPI_ISL_421235	2020-01-20	China	CCGCTCCAGTG	H3
EPI_ISL_414499	2020-02-26	Germany	CCGCGCCAGTG	H1
EPI_ISL_411926	2020-01-24	China	CCGTGCCAGCG	H2
EPI_ISL_455391	2020-02-04	China	CCGCGCCAGTG	H1
EPI_ISL_413608	2020-02-18	USA	CCGCTCCAGTG	H3
EPI_ISL_417188	2020-02-08	China	CCGCGCCATTG	H5
EPI_ISL_416629	2020-02-17	Japan	CCGCTCCAGTG	H3
EPI_ISL_413515	2020-02-27	South	Korea	H2
EPI_ISL_419215	2020-02-10	China	CCGCGCCATTG	H5
EPI_ISL_417158	2020-02-28	USA	CCGTGCTAGCG	H6
EPI_ISL_413213	2020-02-29	Australia	CCGCTCCAGTT	H9
EPI_ISL_419214	2020-02-10	China	CCGCGCCATTG	H5
EPI_ISL_451348	2020-02-09	China	CCGTTCCAGCG	other
EPI_ISL_416573	2020-02-15	Japan	CCGCTCCAGTG	H3
EPI_ISL_408009	2020-01-29	USA	CCGCGCCAGTG	H1
EPI_ISL_412968	2020-02-10	Japan	CCGCTCCAGTG	H3
EPI_ISL_430742	2020-01-29	China	CCGCGCCAGTG	H1
EPI_ISL_416335	2020-02-02	China	CCGTGCCAGCG	H2
EPI_ISL_455463	2020-02-03	China	CCGCGCCAGTG	H1
EPI_ISL_416341	2020-02-01	China	CCGTGCCAGCG	H2
EPI_ISL_490010	2020-02-26	Saudi	Arabia	H8
EPI_ISL_416599	2020-02-16	Japan	CCGCTCCAGTG	H3
EPI_ISL_403932	2020-01-14	China	CCGTGCCAGCG	H2
EPI_ISL_408431	2020-01-29	France	CCGCGCCAGTG	H1
EPI_ISL_408481	2020-01-18	China	CCGCTCCAGTG	H3
EPI_ISL_479804	2020-02-29	Japan	CCGCGCCAGTG	H1
EPI_ISL_410532	2020-01-23	Japan	CCGCGCCAGTG	H1
EPI_ISL_414012	2020-02-27	England	TTGCGCCGGTG	H11
EPI_ISL_457688	2020-02-11	China	CCGTGCCAGCG	H2
EPI_ISL_497771	2020-01-29	China	CCGCGCCATTG	H5
EPI_ISL_416600	2020-02-16	Japan	CCGCTCCAGTG	H3
EPI_ISL_497961	2020-02-17	South	Korea	H4
EPI_ISL_413522	2020-01-27	India	CCGCGCCAGTG	H1
EPI_ISL_428449	2020-01-20	China	CCGTGCTAGCG	H6
EPI_ISL_455467	2020-02-12	China	CCGTGCCAGCG	H2
EPI_ISL_416397	2020-02-02	China	CCGCGCCAGTG	H1
EPI_ISL_454995	2020-02-21	China	CCGCGCCAGTG	H1
EPI_ISL_475545	2020-02-28	Sweden	CCGCGCCAGTT	H14
EPI_ISL_421240	2020-02-05	China	CCGTGCCAGCG	H2
EPI_ISL_493164	2020-01-25	China	CCGCGCCAGTG	H1
EPI_ISL_416587	2020-02-16	Japan	CCGCTCCAGTG	H3
EPI_ISL_460087	2020-02-26	Italy	TTGCGTCGGTG	H7
EPI_ISL_416377	2020-02-07	China	CCGTGCCAGCG	H2
EPI_ISL_489999	2020-02-10	Saudi	Arabia	H8
EPI_ISL_451301	2020-02-03	Italy	CCGCTCCATTG	H10
EPI_ISL_451315	2020-01-30	China	CCGCGCCAGTG	H1
EPI_ISL_416586	2020-02-16	Japan	CCGCTCCAGTG	H3
EPI_ISL_437621	2020-01-25	Thailand	CCGCGCCAGTG	H1
EPI_ISL_414626	2020-02-29	France	CCGCGTCGGTG	H8
EPI_ISL_497827	2020-01-29	China	CCGCGCCAGTG	H1
EPI_ISL_455373	2020-02-28	China	CCGCGCCAGTG	H1
EPI_ISL_454936	2020-02-11	China	CCGCGCCAGTG	H1
EPI_ISL_418990	2020-02-03	China	CCGCGCCAGTG	H1
EPI_ISL_406030	2020-01-10	China	CCGTGCCAGCG	H2
EPI_ISL_413523	2020-01-31	India	CCGTGCCAGCG	H2
EPI_ISL_510547	2020-02-26	South	Korea	H4
EPI_ISL_416380	2020-02-09	China	CCGCGCCAGTG	H1
EPI_ISL_412862	2020-02-23	USA	CCGCGCCAGTG	H1
EPI_ISL_430735	2020-01-24	China	CCGCGCCAGTG	H1
EPI_ISL_421249	2020-01-25	China	CCGTGCCAGCG	H2
EPI_ISL_418267	2020-01-22	Vietnam	CCGCGCCAGTG	H1
EPI_ISL_451370	2020-02-04	China	CCGTGCCAGCG	H2
EPI_ISL_435126	2020-02-25	United	Arab	H9
EPI_ISL_468726	2020-01-23	China	CCGTGCTAGCG	H6
EPI_ISL_413623	2020-02-24	USA	CCGCTCCAGTG	H3
EPI_ISL_424357	2020-01-28	China	CCGTGCCAGCG	H2
EPI_ISL_416401	2020-02-02	China	CCGCGCCAGTG	H1
EPI_ISL_421251	2020-02-03	China	CCGCGCCAGTG	H1
EPI_ISL_529149	2020-01-29	China	CCGCGCCAGTG	H1
EPI_ISL_416565	2020-02-15	Japan	CCGCTCCAGTG	H3
EPI_ISL_414019	2020-02-27	Switzerland	TTGCGCCGGTG	H11
EPI_ISL_429075	2020-02-07	China	CCGTGCCAGCG	H2
EPI_ISL_414022	2020-02-27	Switzerland	TTGCGCCGGTG	H11
EPI_ISL_426180	2020-02-05	South	Korea	H2
EPI_ISL_447910	2020-01-15	Thailand	CCGCGCCAGTG	H1
EPI_ISL_416363	2020-02-08	China	CCGCGCCAGTG	H1
EPI_ISL_455685	2020-01-22	China	CCGTGCCAGCG	H2
EPI_ISL_413622	2020-02-24	USA	CCGCTCCAGTG	H3
EPI_ISL_407976	2020-02-03	Belgium	CCGTGCCAGCG	H2
EPI_ISL_464187	2020-02-26	England	CCGCTCCAGTG	H3
EPI_ISL_451331	2020-02-02	China	CCGCGCCAGTG	H1
EPI_ISL_455680	2020-01-26	China	CCGCTCCAGTG	H3
EPI_ISL_412980	2020-01-18	China	CCGTGCCAGCG	H2
EPI_ISL_416620	2020-02-17	Japan	CCGCTCCAGTG	H3
EPI_ISL_421257	2020-02-02	China	CCGCGCCAGTG	H1
EPI_ISL_475546	2020-02-28	Sweden	CCGCGCCAGTT	H14
EPI_ISL_455336	2020-02-29	Spain	CCGTGCCAGCG	H2
EPI_ISL_497958	2020-02-20	South	Korea	H10
EPI_ISL_428830	2020-02-27	Singapore	CCGTGCCAGTG	H13
EPI_ISL_471449	2020-02-19	South	Korea	H4
EPI_ISL_437619	2020-01-26	Thailand	CCGCGCCATTG	H5
EPI_ISL_497963	2020-01-31	South	Korea	H2
EPI_ISL_450412	2020-01-30	China	CCGTGCCAGCG	H2
EPI_ISL_450442	2020-02-24	China	CCGTGCCAGCG	H2
EPI_ISL_416589	2020-02-16	Japan	CCGCTCCAGTG	H3
EPI_ISL_421241	2020-01-30	China	CCGTGCCAGCG	H2
EPI_ISL_416365	2020-01-30	China	CCGCGCCAGTG	H1
EPI_ISL_414687	2020-02-25	China	CCGCGCCAGTG	H1
EPI_ISL_416340	2020-02-02	China	CCGCGCCAGTG	H1
EPI_ISL_471447	2020-02-19	South	Korea	H4
EPI_ISL_416633	2020-02-17	Japan	CCGCTCCAGTG	H3
EPI_ISL_471454	2020-02-21	South	Korea	H4
EPI_ISL_416321	2020-01-28	China	CCGCGCCAGTG	H1
EPI_ISL_493151	2020-01-25	China	CCGCGCCAGTG	H1
EPI_ISL_411955	2020-02-10	USA	CCGCGCCAGTG	H1
EPI_ISL_416484	2020-02-27	Spain	CCGTGCCAGCG	H2
EPI_ISL_403936	2020-01-17	China	CCGCGCCAGTG	H1
EPI_ISL_419228	2020-02-17	China	CCGCGCCAGTG	H1
EPI_ISL_422425	2020-01-24	China	CTGCGTCGGTG	other
EPI_ISL_463895	2020-01-30	China	CCGTGCCAGCG	H2
EPI_ISL_493184	2020-01-26	China	CCGTGCCAGCG	H2
EPI_ISL_429853	2020-01-28	China	CCGCGCCAGTG	H1
EPI_ISL_417143	2020-02-29	USA	CCGTGCTAGCG	H6
EPI_ISL_426183	2020-02-23	South	Korea	H2
EPI_ISL_479828	2020-02-27	Japan	CCGCGCCAGTG	H1
EPI_ISL_569867	2020-02-22	Italy	TTGCGTCGGTG	H7
EPI_ISL_416619	2020-02-17	Japan	CCGCGCCAGTG	H1
EPI_ISL_414692	2020-02-25	China	CCGCGCCAGTG	H1
EPI_ISL_455464	2020-02-05	China	CCGTGCTAGCG	H6
EPI_ISL_450500	2020-01-10	China	CCGCGCCAGTG	H1
EPI_ISL_497986	2020-02-24	South	Korea	H4
EPI_ISL_490004	2020-02-17	Saudi	Arabia	H8
EPI_ISL_428822	2020-02-16	Singapore	CCGTGCCAGTG	H13
EPI_ISL_410531	2020-01-25	Japan	CCGCGCCAGTG	H1
EPI_ISL_497784	2020-02-24	China	CCGCTCCAGTG	H3
EPI_ISL_539558	2020-02-28	Spain	CCGCGCCAGCG	H12
EPI_ISL_457687	2020-02-11	China	CCGTGCCAGCG	H2
EPI_ISL_403933	2020-01-15	China	CCGTGCCAGCG	H2
EPI_ISL_629085	2020-02-29	France	TTGCGTCGGTG	H7
EPI_ISL_419560	2020-02-28	USA	CCGTGCTAGCG	H6
EPI_ISL_447913	2020-01-31	Thailand	CCGTGCCAGCG	H2
EPI_ISL_454935	2020-02-11	China	CCGCGCCAGTG	H1
EPI_ISL_416590	2020-02-16	Japan	CCGCTCCAGTG	H3
EPI_ISL_417187	2020-02-08	China	CCGCGCCATTG	H5
EPI_ISL_493166	2020-01-25	China	CCGCGCCAGTG	H1
EPI_ISL_430734	2020-01-24	China	CCGCGCCAGTG	H1
EPI_ISL_407313	2020-01-19	China	CCGCGCCAGTG	H1
EPI_ISL_506948	2020-02-27	South	Korea	H4
EPI_ISL_430441	2020-02-29	Malaysia	CCGCGCCAGTG	H1
EPI_ISL_416594	2020-02-16	Japan	CCGCTCCAGTG	H3
EPI_ISL_413614	2020-02-17	USA	CCGCTCCAGTG	H3
EPI_ISL_451316	2020-02-01	China	CCGCGCCATTG	H5
EPI_ISL_447918	2020-02-01	Thailand	CCGTGCCAGCG	H2
EPI_ISL_449486	2020-01-22	China	CCGCGCCAGTG	H1
EPI_ISL_460084	2020-02-29	Italy	TTGCGTCGGTG	H7
EPI_ISL_416362	2020-02-02	China	CCGCGCCAGTG	H1
EPI_ISL_403963	2020-01-13	Thailand	CCGCGCCAGTG	H1
EPI_ISL_424355	2020-01-24	China	CCGTGCCAGCG	H2
EPI_ISL_481378	2020-02-22	South	Korea	H4
EPI_ISL_497964	2020-02-06	South	Korea	other
EPI_ISL_457749	2020-02-27	Italy	TTGCGCCGGTG	H11
EPI_ISL_413020	2020-02-27	Switzerland	CCGCGTCGGTG	H8
EPI_ISL_416607	2020-02-17	Japan	CCGCTCCAGTG	H3
EPI_ISL_428472	2020-01-28	China	CCGCGCCATTG	H5
EPI_ISL_451365	2020-01-26	China	CCGTGCCAGCG	H2
EPI_ISL_430292	2020-02-24	USA	CCGTGCTAGCG	H6
EPI_ISL_407987	2020-01-25	Singapore	CCGCGCCAGTG	H1
EPI_ISL_421243	2020-01-21	China	CCGTGCCAGCG	H2
EPI_ISL_451314	2020-01-30	China	CCGCGCCAGTG	H1
EPI_ISL_416372	2020-02-01	China	CCGTGCCAGCG	H2
EPI_ISL_428462	2020-02-17	China	CCGTGCCAGCG	H2
EPI_ISL_479797	2020-02-18	Japan	CCGCGCCAGTG	H1
EPI_ISL_481379	2020-02-24	South	Korea	H4
EPI_ISL_539338	2020-01-29	China	CCGCGCCAGTG	H1
EPI_ISL_416572	2020-02-15	Japan	CCGCTCCAGTG	H3
EPI_ISL_413863	2020-02-01	China	CCGCGCCATTG	H5
EPI_ISL_414686	2020-02-27	China	CCGCGCCAGTG	H1
EPI_ISL_417922	2020-02-28	Italy	TTGCGTCGGTG	H7
EPI_ISL_451369	2020-02-08	China	CCGCGCCAGTG	H1
EPI_ISL_497980	2020-02-21	South	Korea	H4
EPI_ISL_406036	2020-01-22	USA	CCGCGCCATTG	H5
EPI_ISL_407215	2020-01-25	USA	CCGTGCTAGCG	H6
EPI_ISL_416630	2020-02-17	Japan	CCGCTCCAGTG	H3
EPI_ISL_429074	2020-02-07	China	CCGCGCCAGTG	H1
EPI_ISL_415457	2020-02-29	Switzerland	TTGCGCCGGTG	H11
EPI_ISL_418996	2020-01-27	Singapore	CCGTGCCAGTG	H13
EPI_ISL_414522	2020-02-28	England	CCGCGCCAGTT	H14
EPI_ISL_412972	2020-02-27	Mexico	CCGCGTCGGTG	H8
EPI_ISL_407896	2020-01-30	Australia	CCGTGCCAGCT	other
EPI_ISL_417098	2020-02-29	USA	CCGTGCTAGCG	H6
EPI_ISL_452360	2020-02-01	China	CCGCGCCAGTG	H1
EPI_ISL_416406	2020-02-15	China	CCGCTCCAGTT	H9
EPI_ISL_421238	2020-01-29	China	CCGTGCCAGCG	H2
EPI_ISL_480779	2020-01-30	Australia	CTGCGCCAGTG	other
EPI_ISL_408486	2020-01-11	China	CCGCGCCAGTG	H1
EPI_ISL_417483	2020-02-27	Norway	CCGCTCCATTG	H10
EPI_ISL_457701	2020-02-23	Oman	CCGCTCCAGTT	H9
EPI_ISL_451376	2020-01-28	China	CCGCGCCATTG	H5
EPI_ISL_413615	2020-02-17	USA	CCGCTCCAGTG	H3
EPI_ISL_434566	2020-01-27	China	CCGCTCCAGTT	H9
EPI_ISL_416376	2020-02-05	China	CCGCGCCAGTG	H1
EPI_ISL_417185	2020-02-09	China	CCGCGCCATTG	H5
EPI_ISL_414937	2020-01-26	China	CCGTGCCAGCG	H2
EPI_ISL_454993	2020-02-28	China	CCGCGCCATTG	H5
EPI_ISL_451329	2020-02-05	China	CCGCGCCAGTG	H1
EPI_ISL_408430	2020-01-29	France	CCGCTCCAGTG	H3
EPI_ISL_636504	2020-02-27	Netherlands	CCGCGCCAGTG	H1
EPI_ISL_411953	2020-01-24	China	CCGCGCCAGTG	H1
EPI_ISL_428475	2020-01-28	China	CCGCGCCAGTG	H1
EPI_ISL_454921	2020-02-21	China	CCGCGCCAGTG	H1
EPI_ISL_437690	2020-02-29	France	CCGCGTCGGTG	H8
EPI_ISL_416605	2020-02-16	Japan	CCGCTCCAGTG	H3
EPI_ISL_447916	2020-01-29	Thailand	CCGCGCCAGTG	H1
EPI_ISL_493173	2020-01-26	China	CCGTGCCAGCG	H2
EPI_ISL_430725	2020-01-29	China	CCGTGCCAGCG	H2
EPI_ISL_479864	2020-02-23	Japan	CCGCGCCAGTG	H1
EPI_ISL_426163	2020-02-23	South	Korea	H2
EPI_ISL_416579	2020-02-15	Japan	CCGCTCCAGTG	H3
EPI_ISL_451377	2020-02-08	China	CCGCGCCAGCT	other
EPI_ISL_411060	2020-01-21	China	CCGTGCTAGCG	H6
EPI_ISL_418994	2020-01-29	Singapore	CCGCTCCAGTG	H3
EPI_ISL_480780	2020-01-30	Australia	CTGCGCCAGTG	other
EPI_ISL_412870	2020-01-30	South	Korea	H2
EPI_ISL_454911	2020-02-22	China	CCGCGCCAGTG	H1
EPI_ISL_447912	2020-01-25	Thailand	CCGTGCCAGCG	H2
EPI_ISL_451393	2020-02-15	China	CCGCGCCAGTG	H1
EPI_ISL_413558	2020-02-27	USA	CCGCGCCAGTG	H1
EPI_ISL_437620	2020-01-25	Thailand	CCGTGCCAGCG	H2
EPI_ISL_460082	2020-02-26	Italy	TTGCGTCGGTG	H7
EPI_ISL_413025	2020-02-27	USA	CCTCTCCATTG	H4
EPI_ISL_450501	2020-01-26	China	CCGCGCCAGTG	H1
EPI_ISL_493149	2020-01-25	China	CCGCGCCAGTG	H1
EPI_ISL_429085	2020-02-01	China	CCGCGCCAGTG	H1
EPI_ISL_429090	2020-02-08	China	CCGTGCCAGCG	H2
EPI_ISL_490003	2020-02-16	Saudi	Arabia	H8
EPI_ISL_539497	2020-02-28	Spain	CCGCTCCAGTG	H3
EPI_ISL_480042	2020-02-15	Japan	CCGTGCCAGCG	H2
EPI_ISL_416609	2020-02-17	Japan	CCGCTCCAGTG	H3
EPI_ISL_419231	2020-02-19	China	CCGCGCCAGTG	H1
EPI_ISL_455374	2020-02-10	China	CCGCGCCAGTG	H1
EPI_ISL_406973	2020-01-23	Singapore	CCGCGCCAGTG	H1
EPI_ISL_417100	2020-02-29	USA	CCGTGCTAGCG	H6
EPI_ISL_451326	2020-02-02	China	CCGCGCCAGTG	H1
EPI_ISL_480049	2020-02-26	Japan	CCGTGCCAGCG	H2
EPI_ISL_493167	2020-01-26	China	CCGCGCCAGTG	H1
EPI_ISL_452362	2020-02-01	China	CCGCGCCAGTG	H1
EPI_ISL_407073	2020-01-29	England	CCGTGCCAGCG	H2
EPI_ISL_406801	2020-01-05	China	CCGTGCCAGCG	H2
EPI_ISL_479826	2020-02-26	Japan	CCGCGCCAGTG	H1
EPI_ISL_437994	2020-02-28	Austria	TTGCGTCGGTG	H7
EPI_ISL_430722	2020-01-29	China	CCGTGCCAGCG	H2
EPI_ISL_430728	2020-02-02	China	CCGTGCCAGCG	H2
EPI_ISL_408977	2020-01-25	Australia	CCGCGCCATTG	H5
EPI_ISL_420801	2020-02-29	South	Korea	H4
EPI_ISL_455460	2020-02-09	China	CCGTGCCAGCG	H2
EPI_ISL_430444	2020-02-12	Malaysia	CCGCGCCAGTG	H1
EPI_ISL_451076	2020-02-08	China	CCGCGCCAGCT	other
EPI_ISL_451388	2020-02-10	China	CCGCGCCAGTG	H1
EPI_ISL_464194	2020-02-27	England	CTGCGTCGGTG	other
EPI_ISL_428476	2020-01-28	China	CCGTGCCAGCG	H2
EPI_ISL_437612	2020-01-23	Thailand	CCGTGCCAGCG	H2
EPI_ISL_437615	2020-02-22	Thailand	CCGTGCCAGCG	H2
EPI_ISL_417765	2020-02-27	Iceland	CCGCTCCATTG	H10
EPI_ISL_417178	2020-01-25	China	CCGCGCCAGTG	H1
EPI_ISL_471442	2020-02-19	South	Korea	H4
EPI_ISL_454929	2020-02-28	China	CCGCGCCAGTG	H1
EPI_ISL_416577	2020-02-15	Japan	CCGCTCCAGTG	H3
EPI_ISL_452361	2020-02-11	China	CCGCGCCAGCG	H12
EPI_ISL_471446	2020-02-19	South	Korea	H4
EPI_ISL_480033	2020-02-22	Japan	CCGCTCCAGTG	H3
EPI_ISL_415698	2020-02-27	Switzerland	CTGCGCCGGTG	other
EPI_ISL_480046	2020-02-22	Japan	CCGTGCCAGCG	H2
EPI_ISL_451384	2020-01-27	China	CCGTGCCAGCG	H2
EPI_ISL_451371	2020-02-09	China	CCGTGCCAGCG	H2
EPI_ISL_455386	2020-02-12	China	CCGCGCCAGTG	H1
EPI_ISL_451318	2020-02-19	China	CCGCGCTAGCG	other
EPI_ISL_451378	2020-01-28	China	CCGCGCCAGTT	H14
EPI_ISL_435138	2020-02-25	United	Arab	H1
EPI_ISL_406800	2020-01-01	China	CCGCGCCAGTG	H1
EPI_ISL_454974	2020-02-17	China	CCGCGCCAGCG	H12
EPI_ISL_414008	2020-02-27	England	CCGCTCCAGTT	H9
EPI_ISL_416567	2020-02-15	Japan	CCGCTCCAGTG	H3
EPI_ISL_415699	2020-02-27	Switzerland	TTGCGCCGGTG	H11
EPI_ISL_413455	2020-02-28	USA	CCGTGCTAGCG	H6
EPI_ISL_413853	2020-01-30	China	CCGTGCCAGCT	other
EPI_ISL_413018	2020-02-06	South	Korea	H5
EPI_ISL_426181	2020-02-23	South	Korea	H2
EPI_ISL_416829	2020-01-24	Malaysia	CCGCGCCAGTG	H1
EPI_ISL_493172	2020-01-26	China	CCGCGCCAGTG	H1
EPI_ISL_429102	2020-01-27	China	CCGCGCCAGTG	H1
EPI_ISL_437618	2020-01-29	Thailand	CCGCGCCAGTG	H1
EPI_ISL_429092	2020-02-08	China	CCGTGCCAGCG	H2
EPI_ISL_452332	2020-02-29	China	CCGCGCCAGTG	H1
EPI_ISL_426167	2020-02-23	South	Korea	H2
EPI_ISL_415743	2020-02-27	China	CCGCTCCAGTT	H9
EPI_ISL_412973	2020-02-20	Italy	CCGCGTCGGTG	H8
EPI_ISL_490008	2020-02-23	Saudi	Arabia	H8
EPI_ISL_497971	2020-02-20	South	Korea	H4
EPI_ISL_413519	2020-01-28	China	CCGTGCCAGCG	H2
EPI_ISL_605930	2020-02-24	China	CCGCGCCAGTG	H1
EPI_ISL_428444	2020-01-30	China	CCGCGCCAGTG	H1
EPI_ISL_451390	2020-01-23	China	CCGCGCCAGCG	H12
EPI_ISL_476139	2020-01-31	Sweden	CCGCGCCATTG	H5
EPI_ISL_410044	2020-01-27	USA	CCGCGCCAGTG	H1
EPI_ISL_437689	2020-02-27	France	CTGCGTCGGTG	other
EPI_ISL_460079	2020-02-22	Italy	TTGCGTCGGTG	H7
EPI_ISL_412386	2020-02-05	China	CCGCGCCATTG	H5
EPI_ISL_430131	2020-02-22	USA	CCGTGCTAGCG	H6
EPI_ISL_509505	2020-01-25	Australia	TTGCGTCGGTG	H7
EPI_ISL_629084	2020-02-19	France	TTGCGTCGGTG	H7
EPI_ISL_457704	2020-02-24	Oman	CCGCTCCAGTT	H9
EPI_ISL_454924	2020-02-28	China	CCGCGCCAGTG	H1
EPI_ISL_412966	2020-02-05	China	CCGCGCCAGTG	H1
EPI_ISL_416624	2020-02-17	Japan	CCGCTCCAGTG	H3
EPI_ISL_493152	2020-01-25	China	CCGCGCCAGTG	H1
EPI_ISL_493189	2020-01-26	China	CCGTGCCAGCG	H2
EPI_ISL_450747	2020-02-26	Canada	CCGCTCCAGTG	H3
EPI_ISL_497989	2020-02-22	South	Korea	H4
EPI_ISL_419556	2020-02-29	USA	CCGCGTCGGTG	H8
EPI_ISL_413607	2020-02-18	USA	CCGCTCCAGTG	H3
EPI_ISL_451382	2020-01-25	China	CCGCGCCAGTG	H1
EPI_ISL_450409	2020-01-30	China	CCGCGCCAGTG	H1
EPI_ISL_429096	2020-01-29	China	CCGCGCCAGTG	H1
EPI_ISL_421247	2020-01-27	China	CCGTGCCAGCG	H2
EPI_ISL_417445	2020-02-24	Italy	TTGCGTCGGTG	H7
EPI_ISL_455687	2020-01-26	China	CCGTGCTAGCG	H6
EPI_ISL_416585	2020-02-16	Japan	CCGCTCCAGTG	H3
EPI_ISL_413518	2020-01-26	China	CCGTGCCAGCG	H2
EPI_ISL_406034	2020-01-23	USA	CCGTGCCAGCG	H2
EPI_ISL_493157	2020-01-25	China	CCGCGCCAGTG	H1
EPI_ISL_416338	2020-02-01	China	CCGTGCCAGCG	H2
EPI_ISL_481375	2020-02-22	South	Korea	H4
EPI_ISL_493183	2020-01-26	China	CCGTGCCAGCG	H2
EPI_ISL_455792	2020-02-09	Malaysia	CCGCGCCAGTG	H1
EPI_ISL_455366	2020-02-23	China	CCGCGCCAGCG	H12
EPI_ISL_450489	2020-01-25	China	CCGCGCCAGTG	H1
EPI_ISL_428474	2020-01-28	China	CCGCGCCAGTG	H1
EPI_ISL_428471	2020-01-27	China	CCGTGCCAGCG	H2
EPI_ISL_450503	2020-01-26	China	CCGCGCCAGTG	H1
EPI_ISL_416409	2020-02-02	China	CCGTGCCAGCG	H2
EPI_ISL_418269	2020-01-22	Vietnam	CCGCGCCAGTG	H1
EPI_ISL_406596	2020-01-23	France	CCGCGCCATTG	H5
EPI_ISL_418441	2020-01-21	China	CCGCGCCAGTG	H1
EPI_ISL_428478	2020-01-29	China	CCGCGCCAGTG	H1
EPI_ISL_416373	2020-02-07	China	CCGCTCCAGTT	H9
EPI_ISL_480044	2020-02-22	Japan	CCGTGCCAGCG	H2
EPI_ISL_414016	2020-02-29	Brazil	CCGCGTCGGTG	H8
EPI_ISL_417488	2020-02-29	Norway	CCGCTCCATTG	H10
EPI_ISL_455791	2020-02-08	Malaysia	CCGCGCCAGTG	H1
EPI_ISL_434694	2020-01-22	Thailand	CCGCGCCAGTG	H1
EPI_ISL_451300	2020-02-03	Italy	CCGCTCCATTG	H10
EPI_ISL_429854	2020-02-01	China	CCGTGCCAGCG	H2
EPI_ISL_539333	2020-01-17	China	CCGCGCCAGTG	H1
EPI_ISL_428443	2020-01-21	China	CCGTGCCAGCG	H2
EPI_ISL_430847	2020-02-27	Sweden	CCGCTCCAGTT	H9
EPI_ISL_493150	2020-01-25	China	CCGCGCCAGTG	H1
EPI_ISL_455683	2020-01-22	China	CCGTGCCAGCG	H2
EPI_ISL_493179	2020-01-26	China	CCGTGCCAGTG	H13
EPI_ISL_454928	2020-02-28	China	CCGCGCCAGTG	H1
EPI_ISL_493156	2020-01-25	China	CCGCGCCAGTG	H1
EPI_ISL_451319	2020-01-27	China	CCGCGCCAGCG	H12
EPI_ISL_413999	2020-02-27	Switzerland	TTGCGCCGGTG	H11
EPI_ISL_475544	2020-02-26	Sweden	CCGCGCCAGTT	H14
EPI_ISL_429083	2020-02-05	China	CCGTGCCAGCG	H2
EPI_ISL_462293	2020-02-09	Singapore	CCGCGCCAGTG	H1
EPI_ISL_416323	2020-01-29	China	CCGTGCCAGCG	H2
EPI_ISL_435135	2020-02-25	United	Arab	H14
EPI_ISL_471425	2020-02-18	South	Korea	H4
EPI_ISL_416598	2020-02-16	Japan	CCGCTCCAGTG	H3
EPI_ISL_428445	2020-01-30	China	CCGCGCCAGTG	H1
EPI_ISL_489996	2020-02-03	Saudi	Arabia	H8
EPI_ISL_471452	2020-02-21	South	Korea	H10
EPI_ISL_434569	2020-01-27	China	CCGCTCCAGTG	H3
EPI_ISL_530042	2020-02-27	Spain	CCGCGCCAGTG	H1
EPI_ISL_497967	2020-02-20	South	Korea	H4
EPI_ISL_413594	2020-02-28	Australia	CCGCGCCAGTG	H1
EPI_ISL_417155	2020-02-28	USA	CCGTGCTAGCG	H6
EPI_ISL_537558	2020-02-28	USA	CCGCTCCAGTT	H9
EPI_ISL_414527	2020-02-09	China	CCGCGCCATTG	H5
EPI_ISL_410984	2020-01-29	France	CCGCTCCAGTG	H3
EPI_ISL_413457	2020-02-29	USA	CCGTGCTAGCG	H6
EPI_ISL_454933	2020-02-11	China	CCGCGCCAGTG	H1
EPI_ISL_419247	2020-02-24	China	CCGCTCCATTG	H10
EPI_ISL_430442	2020-02-29	Malaysia	CCGCGCCAGTG	H1
EPI_ISL_454752	2020-02-28	Netherlands	CCGCGCCAGTG	H1
EPI_ISL_419558	2020-02-27	USA	CCGCTCCATTG	H10
EPI_ISL_493165	2020-01-25	China	CCGTGCCAGCG	H2
EPI_ISL_457690	2020-02-11	China	CCGTGCCAGCG	H2
EPI_ISL_416427	2020-01-24	Vietnam	CCGTGCCAGCG	H2
EPI_ISL_457693	2020-02-14	China	CCGTGCCAGCG	H2
EPI_ISL_416575	2020-02-15	Japan	CCGCTCCAGTG	H3
EPI_ISL_417146	2020-02-29	USA	CCGTGCTAGCG	H6
EPI_ISL_419250	2020-02-26	China	CCGCTCCATTG	H10
EPI_ISL_450208	2020-02-08	Germany	TTGCGCCGGTG	H11
EPI_ISL_594459	2020-02-26	USA	CCGTGCTAGCG	H6
EPI_ISL_408489	2020-01-31	China	CCGTGCCAGCG	H2
EPI_ISL_406717	2020-01-02	China	CCGCGCCAGTG	H1
EPI_ISL_450200	2020-01-28	Germany	TTGCGCCGGTG	H11
EPI_ISL_413017	2020-02-06	South	Korea	other
EPI_ISL_493159	2020-01-25	China	CCGCGCCAGTG	H1
EPI_ISL_417093	2020-02-28	USA	CCGTGCTAGCG	H6
EPI_ISL_428468	2020-01-26	China	CCGCGCCAGTG	H1
EPI_ISL_414021	2020-02-27	Switzerland	TTGCGCCGGTG	H11
EPI_ISL_428467	2020-01-26	China	CCGCGCCAGTG	H1
EPI_ISL_451321	2020-02-02	China	CCGCGCCAGTG	H1
EPI_ISL_416460	2020-02-29	USA	CCGTGCTAGCG	H6
EPI_ISL_497860	2020-01-25	China	CCGCGCCAGTG	H1
EPI_ISL_414009	2020-02-25	England	CCGCGCCATTG	H5
EPI_ISL_434693	2020-01-16	Thailand	CCGCGCCAGTG	H1
EPI_ISL_416322	2020-01-29	China	CCGTGCCAGCG	H2
EPI_ISL_409067	2020-01-29	USA	CCGCGCCAGTG	H1
EPI_ISL_490011	2020-02-27	Saudi	Arabia	H8
EPI_ISL_452359	2020-02-08	China	CCGCGCCATTG	H5
EPI_ISL_471455	2020-02-21	South	Korea	H4
EPI_ISL_403937	2020-01-18	China	CCGCGCCAGTG	H1
EPI_ISL_431785	2020-01-23	China	CCGTGCCAGCT	other
EPI_ISL_427643	2020-02-28	Australia	CCGCGCCAGTG	H1
EPI_ISL_417443	2020-01-22	China	CCGTGCCAGTG	H13
EPI_ISL_506947	2020-02-24	South	Korea	H4
EPI_ISL_416566	2020-02-15	Japan	CCGCTCCAGTG	H3
EPI_ISL_489997	2020-02-04	Saudi	Arabia	H8
EPI_ISL_413593	2020-02-29	Luxembourg	TTGCGTCAGTG	other
EPI_ISL_416339	2020-02-03	China	CCGTGCCAGCG	H2
EPI_ISL_418507	2020-01-21	China	CCGCGCCAGTG	H1
EPI_ISL_413864	2020-02-09	China	CCGCGCCAGTG	H1
EPI_ISL_629083	2020-02-29	France	CTGCGTCGGTG	other
EPI_ISL_451334	2020-01-30	China	CCGCGCCAGTG	H1
EPI_ISL_451389	2020-01-30	China	CCGCGCCAGCG	H12
EPI_ISL_416381	2020-02-01	China	CCGTGCCAGCG	H2
EPI_ISL_479802	2020-02-25	Japan	CCGCGCCAGTG	H1
EPI_ISL_454940	2020-02-28	China	CCGCGCCAGTG	H1
EPI_ISL_471441	2020-02-19	South	Korea	H4
EPI_ISL_417172	2020-02-29	USA	CCGTGCTAGCG	H6
EPI_ISL_416326	2020-01-30	China	CCGTGCCAGCG	H2
EPI_ISL_413516	2020-02-27	South	Korea	H2
EPI_ISL_451356	2020-02-07	China	CCGCGCCATTG	H5
EPI_ISL_428473	2020-01-27	China	CCGCGCCAGTG	H1
EPI_ISL_451330	2020-01-29	China	CCGCGCCAGCG	H12
EPI_ISL_539557	2020-02-28	Spain	CCGCGTCGGTG	H8
EPI_ISL_434570	2020-01-29	China	CCGCTCCAGTG	H3
EPI_ISL_449484	2020-01-22	China	CCGTGCCAGCG	H2
EPI_ISL_416634	2020-02-17	Japan	CCGCTCCAGTG	H3
EPI_ISL_506953	2020-02-28	South	Korea	H4
EPI_ISL_429082	2020-02-05	China	CCGTGCCAGCG	H2
EPI_ISL_464217	2020-02-29	England	CCGCTCCATTG	H10
EPI_ISL_416319	2020-01-28	China	CCGTGCCAGCG	H2
EPI_ISL_451359	2020-01-27	China	CCGCGCCAGTG	H1
EPI_ISL_455793	2020-02-29	Malaysia	CCGCGCCAGTG	H1
EPI_ISL_416742	2020-02-29	Czech	Republic	H7
EPI_ISL_407214	2020-01-25	USA	CCGTGCTAGCG	H6
EPI_ISL_414940	2020-01-25	China	CCGTGCCAGCG	H2
EPI_ISL_488388	2020-02-29	England	TTGCGTCGGTG	H7
EPI_ISL_454992	2020-02-27	China	CCGCGCCATTG	H5
EPI_ISL_497977	2020-02-21	South	Korea	H4
EPI_ISL_414517	2020-02-25	China	CCGCGCCATTG	H5
EPI_ISL_416601	2020-02-16	Japan	CCGCTCCAGTG	H3
EPI_ISL_406592	2020-01-13	China	CCGCGCCAGCG	H12
EPI_ISL_413513	2020-02-27	South	Korea	H2
EPI_ISL_416389	2020-01-21	China	CCGCGCCAGTG	H1
EPI_ISL_421248	2020-01-23	China	CCGTGCCAGCG	H2
EPI_ISL_460094	2020-02-25	Italy	TTGCGTCGGTG	H7
EPI_ISL_435139	2020-02-25	United	Arab	H9
EPI_ISL_413021	2020-02-29	Switzerland	CCGCGTCGGTG	H8
EPI_ISL_419553	2020-02-28	USA	CCGCGTCGGTG	H8
EPI_ISL_416143	2020-02-28	Denmark	TTGCGTCGGTG	H7
EPI_ISL_416407	2020-02-15	China	CCGCTCCAGTT	H9
EPI_ISL_451354	2020-02-09	China	CCGTTCCAGCG	other
EPI_ISL_437993	2020-02-27	Austria	TTGCGTCGGTG	H7
EPI_ISL_497984	2020-02-21	South	Korea	H4
EPI_ISL_428488	2020-01-31	China	CCGCGCCAGTG	H1
EPI_ISL_455326	2020-02-29	Spain	CCGCGTCGGTG	H8
EPI_ISL_490001	2020-02-13	Saudi	Arabia	H8
EPI_ISL_417168	2020-02-29	USA	CCGTGCTAGCG	H6
EPI_ISL_421233	2020-01-21	China	CCGCGCCAGTG	H1
EPI_ISL_416593	2020-02-16	Japan	CCGCTCCAGTG	H3
EPI_ISL_414528	2020-02-10	China	CCGCGCCATTG	H5
EPI_ISL_451360	2020-01-24	China	CCGTGCCAGCG	H2
EPI_ISL_416631	2020-02-17	Japan	CCGCTCCAGTG	H3
EPI_ISL_412982	2020-02-07	China	CCGTGCCGGCG	other
EPI_ISL_418513	2020-01-25	China	CCGCGCCAGTG	H1
EPI_ISL_479850	2020-02-13	Japan	CCGCTCCAGTG	H3
EPI_ISL_471440	2020-02-19	South	Korea	H4
EPI_ISL_454980	2020-02-09	China	CCGCGCCAGTG	H1
EPI_ISL_416580	2020-02-15	Japan	CCGCTCCAGTG	H3
EPI_ISL_413858	2020-01-30	China	CCGTGCCAGCG	H2
EPI_ISL_417152	2020-02-28	USA	CCGTGCTAGCG	H6
EPI_ISL_416461	2020-02-29	USA	CCGTGCTAGCG	H6
EPI_ISL_613446	2020-02-28	Saint	Barthelemy	H7
EPI_ISL_430126	2020-02-26	USA	CCGTGCTAGCG	H6
EPI_ISL_497979	2020-02-21	South	Korea	H4
EPI_ISL_485398	2020-02-26	South	Korea	H4
EPI_ISL_529150	2020-01-27	China	CCGTGCCAGCG	H2
EPI_ISL_424358	2020-01-28	China	CCGTGCCAGCG	H2
EPI_ISL_421231	2020-01-21	China	CCGCGCCAGTG	H1
EPI_ISL_425117	2020-02-23	South	Korea	H5
EPI_ISL_412970	2020-02-24	USA	CCGTGCTAGCG	H6
EPI_ISL_481372	2020-02-21	South	Korea	H4
EPI_ISL_429093	2020-02-08	China	CCGTGCCAGCG	H2
EPI_ISL_429095	2020-02-08	China	CCGTGCCAGCG	H2
EPI_ISL_481376	2020-02-20	South	Korea	H4
EPI_ISL_416390	2020-01-31	China	CCGCGCCAGTG	H1
EPI_ISL_471438	2020-02-18	South	Korea	H4
EPI_ISL_497959	2020-02-20	South	Korea	H10
EPI_ISL_479824	2020-02-15	Japan	CCGCGCCAGTG	H1
EPI_ISL_415641	2020-02-27	Georgia	CCGCTCCATTG	H10
EPI_ISL_419000	2020-02-13	Singapore	CCGTGCCAGTG	H13
EPI_ISL_408485	2020-01-18	China	CCGTGCCAGCG	H2
EPI_ISL_417154	2020-02-28	USA	CCGTGCTAGCG	H6
EPI_ISL_417151	2020-02-29	USA	CCGTGCTAGCG	H6
EPI_ISL_493175	2020-01-26	China	CCGTGCCAGCG	H2
EPI_ISL_416570	2020-02-15	Japan	CCGCTCCAGTG	H3
EPI_ISL_424356	2020-01-25	China	CCGTGCCAGCG	H2
EPI_ISL_420796	2020-02-29	USA	CCGCTCCAGTG	H3
EPI_ISL_427810	2020-02-18	South	Korea	H4
EPI_ISL_649094	2020-02-27	Israel	TTGCGTCGGTG	H7
EPI_ISL_429086	2020-02-01	China	CCGCGCCAGTG	H1
EPI_ISL_415128	2020-02-29	Brazil	CCGCTCCATTG	H10
EPI_ISL_418243	2020-02-28	Spain	CCGCTCCATTG	H10
EPI_ISL_418995	2020-02-28	Singapore	CCGTGCCAGTG	H13
EPI_ISL_414691	2020-02-25	China	CCGTGCCAGCG	H2
EPI_ISL_414569	2020-02-12	China	CCGCGCCATTG	H5
EPI_ISL_414505	2020-02-27	Germany	CCGCGCCAGTG	H1
EPI_ISL_497960	2020-02-19	South	Korea	H4
EPI_ISL_415456	2020-02-29	Switzerland	CTGCGCCGGTG	other
EPI_ISL_416591	2020-02-16	Japan	CCGCTCCAGTG	H3
EPI_ISL_415459	2020-02-29	Switzerland	TTGCGCCGGTG	H11
EPI_ISL_447915	2020-01-26	Thailand	CCGCGCCATTG	H5
EPI_ISL_413860	2020-01-30	China	CCGTGCCAGCG	H2
EPI_ISL_455684	2020-01-22	China	CCGTGCCAGCG	H2
EPI_ISL_451313	2020-01-26	China	CCGCGCCAGTG	H1
EPI_ISL_421234	2020-01-21	China	CCGCGCCATTG	H5
EPI_ISL_479830	2020-02-28	Japan	CCGCGCCAGTG	H1
EPI_ISL_455376	2020-02-28	China	CCGTGCCAGCG	H2
EPI_ISL_404227	2020-01-16	China	CCGCGCCAGTG	H1
EPI_ISL_493181	2020-01-26	China	CCGTGCCAGCG	H2
EPI_ISL_417150	2020-02-28	USA	CCGTGCTAGCG	H6
EPI_ISL_481371	2020-02-21	South	Korea	H2
EPI_ISL_416502	2020-02-26	France	TTGCGTCGGTG	H7
EPI_ISL_413854	2020-01-30	China	CCGTGCCAGCG	H2
EPI_ISL_629081	2020-02-28	France	TTGCGCCGGTG	H11
EPI_ISL_413490	2020-02-27	New	Zealand	H9
EPI_ISL_454939	2020-02-28	China	CCGCGCCAGTG	H1
EPI_ISL_444273	2020-02-05	China	CCGCGCCAGTG	H1
EPI_ISL_412983	2020-02-08	China	CCGTGCCAGCG	H2
EPI_ISL_416625	2020-02-17	Japan	CCGCTCCAGTG	H3
EPI_ISL_629082	2020-02-28	France	TTGCGTCGGTG	H7
EPI_ISL_527917	2020-02-26	Switzerland	TTGCGTCAGTG	other
EPI_ISL_471448	2020-02-19	South	Korea	H4
EPI_ISL_493161	2020-01-25	China	CCGCGCCAGTG	H1
EPI_ISL_417142	2020-02-29	USA	CCGTGCTAGCG	H6
EPI_ISL_428489	2020-01-31	China	CCGCGCCAGTG	H1
EPI_ISL_416596	2020-02-16	Japan	CCGCTCCAGTG	H3
EPI_ISL_464193	2020-02-27	England	CCGCTCCAGTG	H3
EPI_ISL_416142	2020-02-26	Denmark	TTGCGTCGGTG	H7
EPI_ISL_437932	2020-02-24	Austria	TTGCGTCGGTG	H7
EPI_ISL_457698	2020-02-26	China	CCGCGCCAGTG	H1
EPI_ISL_480030	2020-02-17	Japan	CCGCTCCAGTG	H3
EPI_ISL_417156	2020-02-28	USA	CCGTGCTAGCG	H6
EPI_ISL_413521	2020-01-28	China	CCGTGCCAGCG	H2
EPI_ISL_470851	2020-02-27	Australia	CCGCTCCAGTG	H3
EPI_ISL_421242	2020-01-25	China	CCGTGCCAGCG	H2
EPI_ISL_416361	2020-02-01	China	CCGCGCCAGTG	H1
EPI_ISL_414380	2020-02-13	Singapore	CCGTGCCAGTG	H13
EPI_ISL_402120	2020-01-01	China	CCGCGCCAGTG	H1
EPI_ISL_452358	2020-02-11	China	CCGCGCCAGTG	H1
EPI_ISL_418511	2020-01-24	China	CCGCGCCAGTG	H1
EPI_ISL_417097	2020-02-28	USA	CCGTGCTAGCG	H6
EPI_ISL_414481	2020-02-21	USA	CCGCTCCAGTG	H3
EPI_ISL_455462	2020-02-05	China	CCGTGCTAGCG	H6
EPI_ISL_486659	2020-02-22	Italy	TTGCGTCGGTG	H7
EPI_ISL_454920	2020-02-21	China	CCGCGCCATTG	H5
EPI_ISL_416405	2020-02-02	China	CCGCGCCAGTG	H1
EPI_ISL_471439	2020-02-19	South	Korea	H4
EPI_ISL_413613	2020-02-17	USA	CCGCTCCAGTG	H3
EPI_ISL_479827	2020-02-27	Japan	CCGCGCCAGTG	H1
EPI_ISL_420799	2020-02-27	South	Korea	H4
EPI_ISL_416355	2020-02-04	China	CCGCGCCAGTG	H1
EPI_ISL_407071	2020-01-29	England	CCGTGCCAGCG	H2
EPI_ISL_479798	2020-02-18	Japan	CCGCGCCAGTG	H1
EPI_ISL_493180	2020-01-26	China	CCGTGCCAGTG	H13
EPI_ISL_497956	2020-02-20	South	Korea	H10
EPI_ISL_454930	2020-02-10	China	CCGCGCCAGTG	H1
EPI_ISL_444274	2020-02-29	China	CCGCTCCAGTT	H9
EPI_ISL_419222	2020-02-11	China	CCGCGCCATTG	H5
EPI_ISL_425118	2020-01-30	South	Korea	H2
EPI_ISL_416316	2020-01-25	China	CCGTGCCAGCT	other
EPI_ISL_418815	2020-02-09	China	CCGCGCCATTG	H5
EPI_ISL_479863	2020-02-17	Japan	CCGCTCCAGTG	H3
EPI_ISL_429084	2020-02-05	China	CCGTGCCAGCG	H2
EPI_ISL_457733	2020-02-08	China	CCGCGCCAGTG	H1
EPI_ISL_418442	2020-01-21	China	CCGCGCCAGTG	H1
EPI_ISL_426629	2020-02-07	China	CCGCTCCATTG	H10
EPI_ISL_406223	2020-01-22	USA	CCGTTCCAGCG	other
EPI_ISL_451374	2020-01-31	China	CCGCGCCAGTG	H1
EPI_ISL_437613	2020-02-25	Thailand	CCGTGCCAGCG	H2
EPI_ISL_450198	2020-01-28	Germany	TTGCGCCGGTG	H11
EPI_ISL_514752	2020-01-03	China	CCGCGCCAGTG	H1
EPI_ISL_421227	2020-01-21	China	CCGCGCCAGTG	H1
EPI_ISL_416628	2020-02-17	Japan	CCGCTCCAGTG	H3
EPI_ISL_429104	2020-02-01	China	CCGCGCCAGTG	H1
EPI_ISL_416403	2020-02-02	China	CCGTGCCAGCT	other
EPI_ISL_493171	2020-01-26	China	CCGTGCTAGCG	H6
EPI_ISL_416578	2020-02-15	Japan	CCGCTCCAGTG	H3
EPI_ISL_454965	2020-02-20	China	CCGCGCCAGTG	H1
EPI_ISL_457695	2020-02-17	China	CCGTGCCAGCG	H2
EPI_ISL_427811	2020-02-18	South	Korea	H4
EPI_ISL_430281	2020-02-29	USA	CCGTGCTAGCG	H6
EPI_ISL_416333	2020-01-30	China	CCGTGCCAGCG	H2
EPI_ISL_414378	2020-02-17	Singapore	CCGTGCCAGTG	H13
EPI_ISL_420889	2020-02-14	Japan	CCGCTCCAGTG	H3
EPI_ISL_426187	2020-02-12	South	Korea	H2
